{"homebrew_version":"1.8.2-66-g323556c","used_options":[],"unused_options":["--with-qt"],"built_as_bottle":true,"poured_from_bottle":true,"installed_as_dependency":false,"installed_on_request":true,"changed_files":["ChangeLog","INSTALL_RECEIPT.json","lib/pkgconfig/poppler-cairo.pc","lib/pkgconfig/poppler-cpp.pc","lib/pkgconfig/poppler-glib.pc","lib/pkgconfig/poppler-splash.pc","lib/pkgconfig/poppler.pc","share/gir-1.0/Poppler-0.18.gir","share/pkgconfig/poppler-data.pc"],"time":1542291696,"source_modified_time":1541020580,"HEAD":null,"stdlib":"libcxx","compiler":"clang","aliases":[],"runtime_dependencies":[{"full_name":"libpng","version":"1.6.35"},{"full_name":"freetype","version":"2.9.1"},{"full_name":"fontconfig","version":"2.13.1"},{"full_name":"gettext","version":"0.19.8.1"},{"full_name":"libffi","version":"3.2.1"},{"full_name":"pcre","version":"8.42"},{"full_name":"glib","version":"2.58.1"},{"full_name":"pixman","version":"0.34.0"},{"full_name":"cairo","version":"1.16.0"},{"full_name":"jpeg","version":"9c"},{"full_name":"libtiff","version":"4.0.9"},{"full_name":"little-cms2","version":"2.9"},{"full_name":"nspr","version":"4.20"},{"full_name":"nss","version":"3.40"},{"full_name":"openjpeg","version":"2.3.0"}],"source":{"path":"/usr/local/Homebrew/Library/Taps/homebrew/homebrew-core/Formula/poppler.rb","tap":"homebrew/core","spec":"stable","versions":{"stable":"0.71.0","devel":"","head":"HEAD","version_scheme":0}}}