{"homebrew_version":"2.1.1-110-g96779be","used_options":[],"unused_options":[],"built_as_bottle":true,"poured_from_bottle":true,"installed_as_dependency":false,"installed_on_request":true,"changed_files":["ChangeLog","INSTALL_RECEIPT.json","lib/pkgconfig/poppler-cairo.pc","lib/pkgconfig/poppler-cpp.pc","lib/pkgconfig/poppler-glib.pc","lib/pkgconfig/poppler-qt5.pc","lib/pkgconfig/poppler-splash.pc","lib/pkgconfig/poppler.pc","share/pkgconfig/poppler-data.pc"],"time":1557475059,"source_modified_time":1556662115,"HEAD":null,"stdlib":"libcxx","compiler":"clang","aliases":[],"runtime_dependencies":[{"full_name":"libpng","version":"1.6.37"},{"full_name":"freetype","version":"2.10.0"},{"full_name":"fontconfig","version":"2.13.1"},{"full_name":"gettext","version":"0.19.8.1"},{"full_name":"libffi","version":"3.2.1"},{"full_name":"pcre","version":"8.43"},{"full_name":"gdbm","version":"1.18.1"},{"full_name":"openssl","version":"1.0.2r"},{"full_name":"readline","version":"8.0.0"},{"full_name":"sqlite","version":"3.28.0"},{"full_name":"xz","version":"5.2.4"},{"full_name":"python","version":"3.7.3"},{"full_name":"glib","version":"2.60.2"},{"full_name":"pixman","version":"0.38.4"},{"full_name":"cairo","version":"1.16.0"},{"full_name":"jpeg","version":"9c"},{"full_name":"libtiff","version":"4.0.10"},{"full_name":"little-cms2","version":"2.9"},{"full_name":"nspr","version":"4.21"},{"full_name":"nss","version":"3.43"},{"full_name":"openjpeg","version":"2.3.1"},{"full_name":"qt","version":"5.12.3"}],"source":{"path":"/usr/local/Homebrew/Library/Taps/homebrew/homebrew-core/Formula/poppler.rb","tap":"homebrew/core","spec":"stable","versions":{"stable":"0.76.1","devel":"","head":"HEAD","version_scheme":0}}}